OCTOBER 2025 PANCHANG & TEMPLE EVENTS
(All times in Denver CO Time. Source: SV Temple Calendar)

Oct 1 (Wed): Tithi: Navami 6:31 AM | Nakshatra: Uttarashadha 8:34 PM
Event: Aswayuja Maasa Sukla Paksham

Oct 2 (Thu): Tithi: Dasami 6:42 AM | Nakshatra: Shravana 9:05 PM
Event: Sri Venkateswara Abhishekam

Oct 3 (Fri): Tithi: Ekadashi 6:05 AM | Nakshatra: Dhanishta 8:41 PM
Event: Sri Venkateswara Jayanti / Unjal Seva / Sri Vedanta Desikar Thirunakshatram

Oct 4 (Sat): Tithi: Trayodasi 2:36 AM Sun | Nakshatra: Satabhisha 7:24 PM
Event: Sri Venkateswara Kalyanam

Oct 5 (Sun): Tithi: Chaturdasi 11:56 PM | Nakshatra: Purvabhadra 5:47 PM
Event: Sri Siva Abhishekam

Oct 6 (Mon): Tithi: Purnima 8:49 PM | Nakshatra: Uttarabhadra 3:33 PM
Event: Sri Satyanarayana Swamy Pooja & Vratam

Oct 7 (Tue): Tithi: Prathama 5:26 PM | Nakshatra: Revathi 12:52 PM
Event: Aswayuja Maasa Krishna Paksham starts

Oct 8 (Wed): Tithi: Dwitiya 1:56 PM | Nakshatra: Aswini 10:17 AM

Oct 9 (Thu): Tithi: Tritiya 10:28 AM | Nakshatra: Bharani 7:35 AM
Event: Krittika afterwards

Oct 10 (Fri): Tithi: Chaturthi 7:12 AM | Nakshatra: Rohini 2:51 AM Sat
Event: Panchami afterwards

Oct 11 (Sat): Tithi: Shashthi 1:48 AM Sun | Nakshatra: Mrigasira 1:07 AM Sun
Event: Dwadasha Aradhana

Oct 12 (Sun): Tithi: Saptami 11:54 PM | Nakshatra: Ardra 11:47 PM
Event: Sri Vijaya Ganapathi / Murugan Abhishekam

Oct 13 (Mon): Tithi: Ashtami 10:38 PM | Nakshatra: Punarvasu 11:21 PM

Oct 14 (Tue): Tithi: Navami 10:01 PM | Nakshatra: Pushyami 11:26 PM

Oct 15 (Wed): Tithi: Dasami 10:03 PM | Nakshatra: Aslesha 11:59 PM

Oct 16 (Thu): Tithi: Ekadashi 10:40 PM | Nakshatra: Magha 1:25 AM Fri

Oct 17 (Fri): Tithi: Dwadashi 11:49 PM | Nakshatra: Purvaphalguni 3:10 AM Sat
Event: Sri Andal Abhishekam

Oct 18 (Sat): Tithi: Trayodasi 1:23 AM Sun | Nakshatra: Uttaraphalguni 5:10 AM Sun
Event: Sri Mahalakshmi Abhishekam

Oct 19 (Sun): Tithi: Chaturdasi 3:18 AM Mon | Nakshatra: Hasta 7:48 AM Mon
Event: Sri Shirdi Sai Baba / Raghavendra Swamy Abhishekam

Oct 20 (Mon): Tithi: Amavasya 5:28 AM Tue | Nakshatra: Chitta 10:31 AM
Event: Deepavali (Diwali)

Oct 21 (Tue): Tithi: Prathama 7:50 AM Wed | Nakshatra: Chitta 1:14 PM
Event: Kartika Maasa Sukla Paksham starts

Oct 22 (Wed): Tithi: Dwitiya 10:19 AM | Nakshatra: Swathi 4:22 PM

Oct 23 (Thu): Tithi: Tritiya 12:50 PM | Nakshatra: Vishakha 7:21 PM

Oct 24 (Fri): Tithi: Chaturthi 3:17 PM | Nakshatra: Anuradha 10:05 PM
Event: Sri Naga Chaturthi

Oct 25 (Sat): Tithi: Panchami 5:33 PM | Nakshatra: Jyeshta 12:55 PM
Event: Sri Hanuman Abhishekam

Oct 26 (Sun): Tithi: Shashthi 7:29 PM | Nakshatra: Mula 3:02 PM
Event: Sri Sudarsana/Narasimha Homam & Abhishekam

Oct 27 (Mon): Tithi: Saptami 8:54 PM | Nakshatra: Purvashadha 3:14 AM Tue
Event: Sri Skanda Shashti

Oct 28 (Tue): Tithi: Ashtami 9:39 PM | Nakshatra: Uttarashadha 6:06 AM Thu

Oct 29 (Wed): Tithi: Navami 9:37 PM | Nakshatra: Shravana 6:23 AM

Oct 30 (Thu): Tithi: Dashami 8:44 PM | Nakshatra: Dhanishta afterwards

Oct 31 (Fri): Tithi: Ekadashi 7:20 PM | Nakshatra: Shatabhisha 6:23 AM



