NOVEMBER 2025 PANCHANG/Tithi & TEMPLE EVENTS
(All times in Denver time zone unless noted)

Nov 1 (Sat): Tithi: Ekadashi 7:02 PM | Nakshatra: Purvabhadra 1:33 AM Sun
Event: Sri Venkateswara Abhishekam

Nov 2 (Sun): Tithi: Dwadashi 4:36 PM | Nakshatra: Uttarabhadra 2:34 AM Mon
Event: Sri Tulasi Kalyanam

Nov 3 (Mon): Tithi: Trayodasi 1:34 PM | Nakshatra: Revathi 11:55 PM
Event: Kartika Somavara Siva Abhishekam

Nov 4 (Tue): Tithi: Chaturdasi 10:06 AM | Nakshatra: Aswini 9:10 PM
Event: Sri Satyanarayana Swamy Pooja & Vratam

Nov 5 (Wed): Tithi: Purnima 6:21 AM | Nakshatra: Bharani 6:06 PM
Event: Kartika Purnima | Prathama afterwards

Nov 6 (Thu): Tithi: Dwitiya 10:42 PM | Nakshatra: Krittika 2:55 PM
Event: Kartika Maasa Krishna Paksham starts

Nov 7 (Fri): Tithi: Tritiya 7:10 PM | Nakshatra: Rohini 12:09 PM
Event: None

Nov 8 (Sat): Tithi: Chaturthi 4:02 PM | Nakshatra: Mrigasira 9:38 AM
Event: Sri Venkateswara Kalyanam

Nov 9 (Sun): Tithi: Panchami 1:29 PM | Nakshatra: Ardra 7:30 AM
Event: Sri Vijaya Ganapathi / Murugan Abhishekam

Nov 10 (Mon): Tithi: Shashthi 11:38 AM | Nakshatra: Punarvasu 6:18 AM
Event: Kartika Somavara Siva Abhishekam | Pushyami afterwards

Nov 11 (Tue): Tithi: Saptami 10:36 AM | Nakshatra: Aslesha 5:51 AM Wed

Nov 12 (Wed): Tithi: Ashtami 10:24 AM | Nakshatra: Magha 7:03 AM Thu

Nov 13 (Thu): Tithi: Navami 11:00 AM | Nakshatra: Magha 7:03 AM

Nov 14 (Fri): Tithi: Dasami 12:17 PM | Nakshatra: Purvaphalguni 8:47 AM

Nov 15 (Sat): Tithi: Ekadashi 2:08 PM | Nakshatra: Uttaraphalguni 10:53 AM
Event: Sri Mahalakshmi Abhishekam

Nov 16 (Sun): Tithi: Dwadashi 4:20 PM | Nakshatra: Hasta 1:42 PM
Event: Sri Shirdi Sai Baba / Raghavendra Swamy Abhishekam

Nov 17 (Mon): Tithi: Trayodasi 6:46 PM | Nakshatra: Chitta 4:34 PM
Event: Kartika Somavara Siva Abhishekam

Nov 18 (Tue): Tithi: Chaturdasi 9:17 PM | Nakshatra: Swathi 7:21 PM

Nov 19 (Wed): Tithi: Amavasya 11:48 PM | Nakshatra: Visakha 10:29 PM
Event: Margasira Maasa Sukla Paksham starts

Nov 20 (Thu): Tithi: Prathama 2:17 AM Fri | Nakshatra: Anuradha 1:24 AM Fri

Nov 21 (Fri): Tithi: Dwitiya 4:39 AM Sat | Nakshatra: Jyeshta 4:04 AM Sat
Event: Sri Andal Abhishekam

Nov 22 (Sat): Tithi: Tritiya 6:52 AM Sun | Nakshatra: Mula 6:55 AM Sun
Event: Sri Hanuman Abhishekam

Nov 23 (Sun): Tithi: Tritiya 6:52 AM | Nakshatra: Mula 6:55 AM
Event: Sri Sudarsana/Narasimha Homam & Abhishekam

Nov 24 (Mon): Tithi: Chaturthi 8:51 AM | Nakshatra: Purvashadha 9:21 AM

Nov 25 (Tue): Tithi: Panchami 10:28 AM | Nakshatra: Uttarashadha 11:18 AM

Nov 26 (Wed): Tithi: Shashthi 11:35 AM | Nakshatra: Shravana 1:05 PM

Nov 27 (Thu): Tithi: Saptami 12:05 PM | Nakshatra: Dhanishta 2:05 PM
Event: Thanksgiving Day

Nov 28 (Fri): Tithi: Ashtami 11:49 AM | Nakshatra: Satabhisha 2:13 PM

Nov 29 (Sat): Tithi: Navami 10:47 AM | Nakshatra: Purvabhadra 1:53 PM

Nov 30 (Sun): Tithi: Dasami 8:56 AM | Nakshatra: Uttarabhadra 12:39 PM

Temple Contact: 303-660-9555 | manager@svtempleco.org