JULY 2026 PANCHANG - DAILY TITHI & TEMPLE EVENTS

TEMPLE INFORMATION:
Temple: Sri Venkateswara Swamy Temple of Colorado
Location: 1495 South Ridge Road, Castle Rock, CO 80104
Timezone: Denver Mountain Time (MST/MDT)
Source: Official SV Temple Calendar 2026

MAJOR JULY 2026 HIGHLIGHTS:
🌙 Jul 11 - Sani Trayodasi
â˜€ï¸ Jul 17 - Dakshinayanam Begins (Sun's southward journey)
ğŸ™ Jul 24 - Toli Ekadasi
🌕 Jul 28 - Guru Purnima / Sri Satyanarayana Pooja & Vratham

MONTHLY OBSERVANCES:
Month: Nija Jyeshta Maasa (June 14 - July 13, 2026)
       Ashadha Maasa (July 14 - August 11, 2026)

â•â•â•â•â•â•â•â•â•â•â•â•â•â•â•â•â•â•â•â•â•â•â•â•â•â•â•â•â•â•â•â•â•â•â•â•â•â•â•â•â•â•â•â•â•â•â•â•â•â•â•â•â•â•â•â•â•â•â•
DAILY PANCHANG FOR JULY 2026
â•â•â•â•â•â•â•â•â•â•â•â•â•â•â•â•â•â•â•â•â•â•â•â•â•â•â•â•â•â•â•â•â•â•â•â•â•â•â•â•â•â•â•â•â•â•â•â•â•â•â•â•â•â•â•â•â•â•â•

Jul 1 (Wed): Tithi: Dwitiya 10:53 PM | Nakshatra: Uttarashadha 8:46 PM

Jul 2 (Thu): Tithi: Tritiya 10:51 PM | Nakshatra: Sravana 11:17 PM

Jul 3 (Fri): Tithi: Chaturthi 12:13 AM Sat | Nakshatra: Dhanishta 1:15 AM Sat
Event: Sri Venkateswara Abhishekam

Jul 4 (Sat): Tithi: Shashti 1:21 AM Mon | Nakshatra: Satabhisha 2:35 AM Sun

Jul 5 (Sun): Tithi: Saptami 12:58 AM Tue | Nakshatra: Purvabhadra 3:40 AM Mon
Event: Sri Siva Abhishekam

Jul 6 (Mon): Tithi: Ashtami 11:53 PM | Nakshatra: Uttarabhadra 3:55 AM Tue

Jul 7 (Tue): Tithi: Navami 10:08 PM | Nakshatra: Revathi 3:21 AM Wed

Jul 8 (Wed): Tithi: Dasami 7:45 PM | Nakshatra: Aswini 2:24 AM Thu

Jul 9 (Thu): Tithi: Ekadasi 4:51 PM | Nakshatra: Bharani 12:42 AM Fri

Jul 10 (Fri): Tithi: Dwadasi 1:33 PM | Nakshatra: Krittika 10:22 PM

Jul 11 (Sat): Tithi: Trayodasi 10:00 AM | Nakshatra: Rohini 7:57 PM
Event: Sri Venkateswara Kalyanam | Sani Trayodasi

Jul 12 (Sun): Tithi: Chaturdasi 6:21 AM, Amavasya afterwards | Nakshatra: Mrigasira 5:11 PM
Event: Sri Vijaya Ganapathi / Murugan Abhishekam

Jul 13 (Mon): Tithi: Prathama 11:25 PM | Nakshatra: Arudra 2:15 PM

Jul 14 (Tue): Tithi: Dwitiya 8:26 PM | Nakshatra: Punarvasu 11:42 AM
Event: Ashadha Maasa Sukla Paksham starts

Jul 15 (Wed): Tithi: Tritiya 6:00 PM | Nakshatra: Pushyami 9:19 AM

Jul 16 (Thu): Tithi: Chaturthi 4:14 PM | Nakshatra: Aslesha 7:15 AM
Event: Dakshinayanam Begins

Jul 17 (Fri): Tithi: Panchami 3:14 PM | Nakshatra: Magha 6:05 AM, Purvaphalguni afterwards
Event: Sri Andal Abhishekam | Dakshinayanam Begins

Jul 18 (Sat): Tithi: Shashti 3:02 PM | Nakshatra: Uttaraphalguni 5:33 AM Sun
Event: Sri Mahalakshmi Abhishekam

Jul 19 (Sun): Tithi: Saptami 3:37 PM | Nakshatra: Hasta 6:41 AM Mon
Event: Sri Shirdi Sai Baba / Raghavendra Swamy Abhishekam

Jul 20 (Mon): Tithi: Ashtami 4:52 PM | Nakshatra: Chitta 8:22 AM

Jul 21 (Tue): Tithi: Navami 6:39 PM | Nakshatra: Swathi 10:27 AM

Jul 22 (Wed): Tithi: Dasami 8:47 PM | Nakshatra: Visakha 1:16 PM

Jul 23 (Thu): Tithi: Ekadasi 11:06 PM | Nakshatra: Anuradha 4:07 PM

Jul 24 (Fri): Tithi: Dwadasi 1:27 AM Sun | Nakshatra: Jyeshta 6:53 PM
Event: Toli Ekadasi

Jul 25 (Sat): Tithi: Trayodasi 3:44 AM Mon | Nakshatra: Mula 9:56 PM
Event: Sri Hanuman Abhishekam

Jul 26 (Sun): Tithi: Chaturdasi 5:48 AM Tue | Nakshatra: Purvashadha 12:39 AM Tue
Event: Sri Sudarsana/Narasimha Homam & Abhishekam

Jul 27 (Mon): Tithi: Purnima 7:36 AM Wed | Nakshatra: Uttarashadha 2:57 AM Wed

Jul 28 (Tue): Tithi: Prathama 9:03 AM | Nakshatra: Sravana 5:14 AM Thu
Event: Guru Purnima | Sri Satyanarayana Swamy Pooja & Vratham

Jul 29 (Wed): Tithi: Dwitiya 10:07 PM | Nakshatra: Dhanishta 6:58 AM Fri

Jul 30 (Thu): Tithi: Tritiya 11:07 PM | Nakshatra: Satabhisha 8:07 AM Sat
Event: Ashadha Maasa Krishna Paksham starts

Jul 31 (Fri): Tithi: Dwitiya 11:07 PM | Nakshatra: Purvabhadra 8:41 PM

â•â•â•â•â•â•â•â•â•â•â•â•â•â•â•â•â•â•â•â•â•â•â•â•â•â•â•â•â•â•â•â•â•â•â•â•â•â•â•â•â•â•â•â•â•â•â•â•â•â•â•â•â•â•â•â•â•â•â•

SPECIAL JULY FESTIVALS:

SANI TRAYODASI (Jul 11):
Trayodasi falling on Saturday. Auspicious for Lord Shani (Saturn) worship.

DAKSHINAYANAM BEGINS (Jul 17):
Marks the sun's southward journey. From this day until January, the sun travels south of the equator. This six-month period is considered auspicious for spiritual practices, though not for new ventures. Opposite of Uttarayanam.

TOLI EKADASI (Jul 24):
"Toli" means first in Telugu. First Ekadasi of Dakshinayanam, hence highly significant. Also called Shayani Ekadasi - Lord Vishnu goes into yogic sleep (Yoga Nidra) for four months (Chaturmasya).

GURU PURNIMA (Jul 28):
Festival honoring spiritual and academic teachers (Gurus). On this day, disciples express gratitude to their teachers. Associated with Sage Vyasa, who composed the Mahabharata and Puranas. Also called Vyasa Purnima.

CHATURMASYA PERIOD BEGINS:
Starting from Shayani Ekadasi (Jul 24), the four-month period of Chaturmasya begins. This is a time for:
- Increased spiritual practices
- Fasting on specific days
- Avoiding certain foods (varies by tradition)
- Extra prayers and devotional activities

WEEKLY ABHISHEKAM SCHEDULE:

FIRST WEEK:
- Saturday (Jul 3): Sri Venkateswara Abhishekam  
- Sunday (Jul 5): Sri Siva Abhishekam

SECOND WEEK:
- Saturday (Jul 11): Sri Venkateswara Kalyanam
- Sunday (Jul 12): Sri Vijaya Ganapathi / Murugan Abhishekam

THIRD WEEK:
- Friday (Jul 17): Sri Andal Abhishekam
- Saturday (Jul 18): Sri Mahalakshmi Abhishekam
- Sunday (Jul 19): Sri Shirdi Sai Baba / Raghavendra Swamy Abhishekam

FOURTH WEEK:
- Saturday (Jul 25): Sri Hanuman Abhishekam
- Sunday (Jul 26): Sri Sudarsana/Narasimha Homam & Abhishekam

TEMPLE CONTACT:
Phone: 303-660-9555
Manager: 303-898-5514
Email: manager@svtempleco.org
Website: www.svtempleco.org
